CVEGEO,CVE_ENT,CVE_MUN,NOMGEO,Hombres,Mujeres,Total,Poblacion,Anio,TASA_100K
21197,21,197,Xicotepec,0,1,1,81455,2015,1.227671721
21132,21,132,San Martín Texmelucan,2,1,3,152051,2015,1.97302221
21174,21,174,Teziutlán,3,0,3,97590,2015,3.07408546
21067,21,067,Guadalupe Victoria,2,0,2,16923,2015,11.81823554
21094,21,094,Libres,1,0,1,33784,2015,2.959981056
21208,21,208,Zacatlán,1,0,1,82457,2015,1.212753314
21074,21,074,Huejotzingo,5,0,5,73771,2015,6.777731087
21194,21,194,Venustiano Carranza,4,0,4,29090,2015,13.7504297
21085,21,085,Izúcar de Matamoros,1,2,3,77601,2015,3.865929563
21156,21,156,Tehuacán,13,16,29,319375,2015,9.080234834
21154,21,154,Tecamachalco,1,1,2,77061,2015,2.595346544
21172,21,172,Tetela de Ocampo,1,1,2,28139,2015,7.107573119
21019,21,019,Atlixco,0,1,1,134364,2015,0.744246971
21205,21,205,Yehualtepec,1,0,1,25057,2015,3.990900746
21114,21,114,Puebla,17,6,23,1576259,2015,1.459151066
21010,21,010,Ajalpan,1,3,4,65854,2015,6.074042579
21047,21,047,Chiautla,0,1,1,20155,2015,4.961548003
21164,21,164,Tepeaca,1,1,2,80507,2015,2.484256027
21045,21,045,Chalchicomula de Sesma,1,3,4,46778,2015,8.551028261
21071,21,071,Huauchinango,7,1,8,103509,2015,7.72879653
21197,21,197,Xicotepec,0,1,1,81455,2016,1.227671721
21132,21,132,San Martín Texmelucan,2,1,3,152051,2016,1.97302221
21174,21,174,Teziutlán,3,0,3,97590,2016,3.07408546
21067,21,067,Guadalupe Victoria,2,0,2,16923,2016,11.81823554
21094,21,094,Libres,1,0,1,33784,2016,2.959981056
21208,21,208,Zacatlán,1,0,1,82457,2016,1.212753314
21074,21,074,Huejotzingo,5,0,5,73771,2016,6.777731087
21194,21,194,Venustiano Carranza,4,0,4,29090,2016,13.7504297
21085,21,085,Izúcar de Matamoros,1,2,3,77601,2016,3.865929563
21156,21,156,Tehuacán,13,16,29,319375,2016,9.080234834
21154,21,154,Tecamachalco,1,1,2,77061,2016,2.595346544
21172,21,172,Tetela de Ocampo,1,1,2,28139,2016,7.107573119
21019,21,019,Atlixco,0,1,1,134364,2016,0.744246971
21205,21,205,Yehualtepec,1,0,1,25057,2016,3.990900746
21114,21,114,Puebla,17,6,23,1576259,2016,1.459151066
21010,21,010,Ajalpan,1,1,1,65854,2016,1.518510645
21047,21,047,Chiautla,0,1,1,20155,2016,4.961548003
21164,21,164,Tepeaca,1,1,2,80507,2016,2.484256027
21045,21,045,Chalchicomula de Sesma,1,3,4,46778,2016,8.551028261
21071,21,071,Huauchinango,7,1,8,103509,2016,7.72879653
21197,21,197,Xicotepec,2,2,4,81455,2017,4.910686882
21191,21,191,Tulcingo,1,0,1,9150,2017,10.92896175
21216,21,216,Zoquiapan,1,0,1,2442,2017,40.95004095
21132,21,132,San Martín Texmelucan,3,2,5,152051,2017,3.288370349
21143,21,143,San Salvador el Verde,1,3,4,31355,2017,12.75713602
21174,21,174,Teziutlán,4,2,6,97590,2017,6.148170919
21142,21,142,San Salvador el Seco,1,0,1,30303,2017,3.3000033
21110,21,110,Palmar de Bravo,2,0,2,46233,2017,4.32591439
21108,21,108,Oriental,1,0,1,18239,2017,5.48275673
21064,21,064,Francisco Z. Mena,0,1,1,16677,2017,5.996282305
21063,21,063,Esperanza,2,0,2,14974,2017,13.35648457
21207,21,207,Zacapoaxtla,1,1,2,55299,2017,3.61670193
21051,21,051,Chietla,0,1,1,34415,2017,2.90570972
21094,21,094,Libres,0,1,1,33784,2017,2.959981056
21208,21,208,Zacatlán,2,0,2,82457,2017,2.425506628
21169,21,169,Tepexi de Rodríguez,1,1,2,20598,2017,9.709680552
21156,21,156,Tehuacán,7,5,12,319375,2017,3.757338552
21154,21,154,Tecamachalco,1,6,7,77061,2017,9.083712903
21153,21,153,Tecali de Herrera,1,0,1,21992,2017,4.547108039
21186,21,186,Tlatlauquitepec,1,0,1,53498,2017,1.869228756
21117,21,117,Rafael Lara Grajales,1,0,1,14159,2017,7.062645667
21019,21,019,Atlixco,2,6,8,134364,2017,5.953975767
21119,21,119,San Andrés Cholula,1,1,2,137290,2017,1.45677034
21004,21,004,Acatzingo,3,1,4,59077,2017,6.770824517
21008,21,008,Ahuazotepec,2,0,2,11269,2017,17.74780371
21140,21,140,San Pedro Cholula,1,0,1,129032,2017,0.77500155
21023,21,023,Atzitzintla,1,0,1,9344,2017,10.70205479
21114,21,114,Puebla,35,31,66,1576259,2017,4.187129146
21144,21,144,San Salvador Huixcolotla,0,1,1,14810,2017,6.752194463
21015,21,015,Amozoc,1,1,2,117244,2017,1.705844222
21026,21,026,Calpan,1,0,1,14440,2017,6.925207756
21164,21,164,Tepeaca,7,2,9,80507,2017,11.17915212
21045,21,045,Chalchicomula de Sesma,4,0,4,46778,2017,8.551028261
21041,21,041,Cuautlancingo,1,0,1,112225,2017,0.891067053
21039,21,039,Cuautempan,1,0,1,9337,2017,10.71007818
21038,21,038,Cuapiaxtla de Madero,1,0,1,10101,2017,9.9000099
21076,21,076,Hueytamalco,1,0,1,25981,2017,3.848966552
21071,21,071,Huauchinango,3,4,7,103509,2017,6.762696964
21197,21,197,Xicotepec,3,0,3,81455,2018,3.683015162
21132,21,132,San Martín Texmelucan,7,1,8,152051,2018,5.261392559
21143,21,143,San Salvador el Verde,0,1,1,31355,2018,3.189284006
21176,21,176,Tilapa,0,2,2,8547,2018,23.4000234
21174,21,174,Teziutlán,0,1,1,97590,2018,1.024695153
21142,21,142,San Salvador el Seco,0,1,1,30303,2018,3.3000033
21100,21,100,Naupan,1,0,1,9974,2018,10.02606778
21001,21,001,Acajete,4,0,4,65048,2018,6.149305129
21182,21,182,Tlanepantla,1,0,1,4957,2018,20.17349203
21110,21,110,Palmar de Bravo,2,1,3,46233,2018,6.488871585
21067,21,067,Guadalupe Victoria,1,0,1,16923,2018,5.909117769
21063,21,063,Esperanza,3,0,3,14974,2018,20.03472686
21217,21,217,Zoquitlán,1,0,1,18278,2018,5.471058103
21058,21,058,Chilchotla,1,1,2,20010,2018,9.995002499
21051,21,051,Chietla,2,0,2,34415,2018,5.811419439
21093,21,093,Lafragua,1,0,1,7817,2018,12.79263144
21208,21,208,Zacatlán,1,1,2,82457,2018,2.425506628
21035,21,035,Coxcatlán,0,2,2,20459,2018,9.775648859
21034,21,034,Coronango,2,0,2,40949,2018,4.884124154
21074,21,074,Huejotzingo,2,1,3,73771,2018,4.066638652
21194,21,194,Venustiano Carranza,1,0,1,29090,2018,3.437607425
21085,21,085,Izúcar de Matamoros,1,0,1,77601,2018,1.288643188
21104,21,104,Nopalucan,1,0,1,30848,2018,3.241701245
21122,21,122,San Felipe Teotlalcingo,1,0,1,10456,2018,9.563886764
21130,21,130,San Juan Atenco,1,0,1,3362,2018,29.74419988
21169,21,169,Tepexi de Rodríguez,1,0,1,20598,2018,4.854840276
21156,21,156,Tehuacán,5,2,7,319375,2018,2.191780822
21154,21,154,Tecamachalco,3,3,6,77061,2018,7.786039631
21186,21,186,Tlatlauquitepec,1,0,1,53498,2018,1.869228756
21017,21,017,Atempan,1,0,1,28306,2018,3.532819897
21019,21,019,Atlixco,7,1,8,134364,2018,5.953975767
21118,21,118,Los Reyes de Juárez,0,1,1,27454,2018,3.642456473
21119,21,119,San Andrés Cholula,1,1,2,137290,2018,1.45677034
21053,21,053,Chignahuapan,3,0,3,62028,2018,4.83652544
21004,21,004,Acatzingo,3,2,5,59077,2018,8.463530646
21006,21,006,Ahuacatlán,1,0,1,15637,2018,6.395088572
21140,21,140,San Pedro Cholula,5,0,5,129032,2018,3.87500775
21023,21,023,Atzitzintla,1,0,1,9344,2018,10.70205479
21115,21,115,Quecholac,2,0,2,50962,2018,3.924492759
21114,21,114,Puebla,59,27,86,1576259,2018,5.455956159
21144,21,144,San Salvador Huixcolotla,1,0,1,14810,2018,6.752194463
21146,21,146,Santa Catarina Tlaltempan,0,1,1,756,2018,132.2751323
21010,21,010,Ajalpan,1,0,1,65854,2018,1.518510645
21015,21,015,Amozoc,3,2,5,117244,2018,4.264610556
21016,21,016,Aquixtla,1,0,1,8768,2018,11.40510949
21049,21,049,Chiconcuautla,0,1,1,16569,2018,6.035367252
21047,21,047,Chiautla,1,0,1,20155,2018,4.961548003
21164,21,164,Tepeaca,1,1,2,80507,2018,2.484256027
21043,21,043,Cuetzalan del Progreso,1,0,1,47983,2018,2.084071442
21041,21,041,Cuautlancingo,1,0,1,112225,2018,0.891067053
21071,21,071,Huauchinango,5,3,8,103509,2018,7.72879653
21111,21,111,Pantepec,1,0,1,18102,2018,5.524251464
21087,21,087,Jolalpan,1,0,1,13120,2019,7.62195122
21191,21,191,Tulcingo,1,0,1,9150,2019,10.92896175
21199,21,199,Xiutetelco,1,0,1,39959,2019,2.502565129
21132,21,132,San Martín Texmelucan,8,3,11,152051,2019,7.234414769
21001,21,001,Acajete,1,1,2,65048,2019,3.074652564
21110,21,110,Palmar de Bravo,2,0,2,46233,2019,4.32591439
21109,21,109,Pahuatlán,1,0,1,22002,2019,4.54504136
21067,21,067,Guadalupe Victoria,1,2,3,16923,2019,17.72735331
21181,21,181,Tlaltenango,1,0,1,7125,2019,14.03508772
21064,21,064,Francisco Z. Mena,1,0,1,16677,2019,5.996282305
21058,21,058,Chilchotla,1,1,2,20010,2019,9.995002499
21208,21,208,Zacatlán,1,1,2,82457,2019,2.425506628
21074,21,074,Huejotzingo,6,0,6,73771,2019,8.133277304
21177,21,177,Tlacotepec de Benito Juárez,2,1,3,52508,2019,5.713415099
21079,21,079,Huitziltepec,1,0,1,5373,2019,18.6115764
21189,21,189,Tochtepec,1,0,1,21229,2019,4.710537472
21194,21,194,Venustiano Carranza,5,1,6,29090,2019,20.62564455
21085,21,085,Izúcar de Matamoros,2,0,2,77601,2019,2.577286375
21012,21,012,Aljojuca,1,0,1,6521,2019,15.33507131
21156,21,156,Tehuacán,4,2,6,319375,2019,1.878669276
21154,21,154,Tecamachalco,2,2,4,77061,2019,5.190693087
21172,21,172,Tetela de Ocampo,1,0,1,28139,2019,3.55378656
21153,21,153,Tecali de Herrera,1,0,1,21992,2019,4.547108039
21017,21,017,Atempan,0,1,1,28306,2019,3.532819897
21019,21,019,Atlixco,7,0,7,134364,2019,5.209728796
21118,21,118,Los Reyes de Juárez,0,1,1,27454,2019,3.642456473
21119,21,119,San Andrés Cholula,2,0,2,137290,2019,1.45677034
21053,21,053,Chignahuapan,3,1,4,62028,2019,6.448700587
21004,21,004,Acatzingo,2,0,2,59077,2019,3.385412259
21008,21,008,Ahuazotepec,1,0,1,11269,2019,8.873901855
21140,21,140,San Pedro Cholula,1,3,4,129032,2019,3.1000062
21116,21,116,Quimixtlán,1,0,1,22136,2019,4.517528009
21114,21,114,Puebla,36,11,47,1576259,2019,2.981743483
21149,21,149,Santiago Miahuatlán,,,,25228,2019,0
21010,21,010,Ajalpan,1,0,1,65854,2019,1.518510645
21015,21,015,Amozoc,2,0,2,117244,2019,1.705844222
21047,21,047,Chiautla,1,0,1,20155,2019,4.961548003
21164,21,164,Tepeaca,4,2,6,80507,2019,7.452768082
21045,21,045,Chalchicomula de Sesma,1,0,1,46778,2019,2.137757065
21043,21,043,Cuetzalan del Progreso,1,0,1,47983,2019,2.084071442
21086,21,086,Jalpan,1,0,1,12077,2019,8.280202037
21071,21,071,Huauchinango,4,1,5,103509,2019,4.830497831
21111,21,111,Pantepec,1,0,1,18102,2019,5.524251464
21199,21,199,Xiutetelco,0,1,1,42943,2020,2.328668235
21132,21,132,San Martín Texmelucan,1,0,1,155738,2020,0.642104047
21201,21,201,Xochiltepec,1,0,1,80591,2020,1.240833344
21034,21,034,Coronango,2,0,2,46836,2020,4.270219489
21074,21,074,Huejotzingo,1,1,2,90794,2020,2.202788731
21122,21,122,San Felipe Teotlalcingo,1,0,1,11063,2020,9.039139474
21156,21,156,Tehuacán,1,0,1,327312,2020,0.305518893
21154,21,154,Tecamachalco,1,0,1,80771,2020,1.238068119
21019,21,019,Atlixco,2,0,2,141793,2020,1.410506866
21119,21,119,San Andrés Cholula,2,0,2,154448,2020,1.294934217
21138,21,138,San Nicolás de los Ranchos,0,1,1,11780,2020,8.488964346
21140,21,140,San Pedro Cholula,0,1,1,138433,2020,0.722371111
21023,21,023,Atzitzintla,2,0,2,9051,2020,22.09700586
21114,21,114,Puebla,13,8,21,1692181,2020,1.241001997
21010,21,010,Ajalpan,0,1,1,74768,2020,1.337470576
21015,21,015,Amozoc,0,1,1,125876,2020,0.794432616
21071,21,071,Huauchinango,1,0,1,103946,2020,0.962037981
21111,21,111,Pantepec,1,0,1,18528,2020,5.397236615
21087,21,087,Jolalpan,1,0,1,13308,2021,7.514277127
21132,21,132,San Martín Texmelucan,1,2,3,155738,2021,1.92631214
21099,21,099,Cañada Morelos,1,0,1,20659,2021,4.840505349
21001,21,001,Acajete,1,1,2,72894,2021,2.743710045
21204,21,204,Yaonáhuac,0,1,1,7926,2021,12.61670452
21063,21,063,Esperanza,0,1,1,14766,2021,6.772314777
21217,21,217,Zoquitlán,1,0,1,20335,2021,4.917629702
21051,21,051,Chietla,2,0,2,37030,2021,5.401026195
21208,21,208,Zacatlán,2,0,2,87361,2021,2.289351083
21074,21,074,Huejotzingo,1,0,1,90794,2021,1.101394365
21085,21,085,Izúcar de Matamoros,0,1,1,82809,2021,1.207598208
21156,21,156,Tehuacán,5,0,5,327312,2021,1.527594466
21154,21,154,Tecamachalco,1,1,2,80771,2021,2.476136237
21160,21,160,Teotlalco,1,0,1,3689,2021,27.10761724
21186,21,186,Tlatlauquitepec,1,0,1,55576,2021,1.799337844
21170,21,170,Tepeyahualco,0,1,1,19200,2021,5.208333333
21019,21,019,Atlixco,2,0,2,141793,2021,1.410506866
21168,21,168,Tepexco,1,0,1,7523,2021,13.29256945
21157,21,157,Tehuitzingo,0,1,1,12672,2021,7.891414141
21118,21,118,Los Reyes de Juárez,2,1,3,30021,2021,9.993004897
21053,21,053,Chignahuapan,1,1,2,66464,2021,3.009147809
21115,21,115,Quecholac,1,0,1,57992,2021,1.724375776
21114,21,114,Puebla,17,7,24,1692181,2021,1.418287996
21144,21,144,San Salvador Huixcolotla,1,1,2,16790,2021,11.91185229
21149,21,149,Santiago Miahuatlán,1,0,1,30309,2021,3.299350028
21015,21,015,Amozoc,0,1,1,125876,2021,0.794432616
21211,21,211,Zaragoza,0,1,1,16752,2021,5.969436485
21164,21,164,Tepeaca,3,1,4,84270,2021,4.74664768
21045,21,045,Chalchicomula de Sesma,4,0,4,47410,2021,8.437038599
21041,21,041,Cuautlancingo,0,1,1,137435,2021,0.727616692
21040,21,040,Cuautinchán,1,0,1,12340,2021,8.103727715
21183,21,183,Tlaola,1,0,1,20433,2021,4.894043949
21071,21,071,Huauchinango,2,0,2,103946,2021,1.924075963
21087,21,087,Jolalpan,0,2,2,13308,2022,15.02855425
21191,21,191,Tulcingo,1,0,1,9871,2022,10.13068585
21132,21,132,San Martín Texmelucan,2,0,2,155738,2022,1.284208093
21110,21,110,Palmar de Bravo,1,0,1,50226,2022,1.991000677
21065,21,065,General Felipe Ángeles,1,0,1,22694,2022,4.406451044
21207,21,207,Zacapoaxtla,0,1,1,57887,2022,1.727503585
21050,21,050,Chichiquila,1,0,1,26928,2022,3.713606655
21208,21,208,Zacatlán,1,0,1,87361,2022,1.144675542
21074,21,074,Huejotzingo,1,0,1,90794,2022,1.101394365
21075,21,075,Hueyapan,1,0,1,13080,2022,7.645259939
21188,21,188,Tochimilco,1,0,1,19315,2022,5.177323324
21156,21,156,Tehuacán,6,1,7,327312,2022,2.138632253
21154,21,154,Tecamachalco,3,0,3,80771,2022,3.714204356
21172,21,172,Tetela de Ocampo,1,0,1,27216,2022,3.67430923
21118,21,118,Los Reyes de Juárez,2,0,2,30021,2022,6.662003264
21125,21,125,San Gregorio Atzompa,1,0,1,9671,2022,10.34019233
21004,21,004,Acatzingo,3,1,4,63743,2022,6.275198845
21134,21,134,San Matías Tlalancaleca,1,0,1,20974,2022,4.767807762
21140,21,140,San Pedro Cholula,0,3,3,138433,2022,2.167113333
21115,21,115,Quecholac,1,0,1,57992,2022,1.724375776
21114,21,114,Puebla,8,5,13,1692181,2022,0.768239331
21144,21,144,San Salvador Huixcolotla,0,1,1,16790,2022,5.955926147
21015,21,015,Amozoc,1,0,1,125876,2022,0.794432616
21211,21,211,Zaragoza,1,0,1,16752,2022,5.969436485
21164,21,164,Tepeaca,3,1,4,84270,2022,4.74664768
21043,21,043,Cuetzalan del Progreso,0,1,1,49864,2022,2.005454837
21112,21,112,Petlalcingo,1,0,1,9350,2022,10.69518717
21076,21,076,Hueytamalco,1,0,1,27600,2022,3.623188406
21071,21,071,Huauchinango,1,0,1,103946,2022,0.962037981
21180,21,180,Tlahuapan,1,0,1,41547,2023,2.406912653
21087,21,087,Jolalpan,1,0,1,13308,2023,7.514277127
21083,21,083,Ixtacamaxtitlán,1,0,1,25319,2023,3.949603065
21197,21,197,Xicotepec,2,0,2,80591,2023,2.481666687
21193,21,193,Tzicatlacoyan,1,0,1,6476,2023,15.44163064
21199,21,199,Xiutetelco,1,0,1,42943,2023,2.328668235
21132,21,132,San Martín Texmelucan,10,2,12,155738,2023,7.705248558
21143,21,143,San Salvador el Verde,1,0,1,34880,2023,2.866972477
21176,21,176,Tilapa,0,1,1,9664,2023,10.34768212
21174,21,174,Teziutlán,6,1,7,103583,2023,6.757865673
21142,21,142,San Salvador el Seco,1,0,1,30639,2023,3.263814093
21100,21,100,Naupan,1,0,1,9310,2023,10.74113856
21099,21,099,Cañada Morelos,0,1,1,20659,2023,4.840505349
21098,21,098,Molcaxac,1,0,1,6668,2023,14.9970006
21110,21,110,Palmar de Bravo,2,0,2,50226,2023,3.982001354
21166,21,166,Tepeojuma,0,2,2,8918,2023,22.42655304
21064,21,064,Francisco Z. Mena,1,0,1,17824,2023,5.610412926
21063,21,063,Esperanza,1,0,1,14766,2023,6.772314777
21058,21,058,Chilchotla,1,0,1,21002,2023,4.76145129
21056,21,056,Chila de la Sal,1,0,1,1317,2023,75.93014427
21106,21,106,Ocoyucan,1,0,1,42669,2023,2.343621833
21051,21,051,Chietla,1,0,1,37030,2023,2.700513097
21094,21,094,Libres,0,1,1,37257,2023,2.684059371
21208,21,208,Zacatlán,3,0,3,87361,2023,3.434026625
21090,21,090,Juan C. Bonilla,1,2,3,23783,2023,12.61405205
21035,21,035,Coxcatlán,1,0,1,20653,2023,4.841911587
21034,21,034,Coronango,1,0,1,46836,2023,2.135109745
21074,21,074,Huejotzingo,4,3,7,90794,2023,7.709760557
21025,21,025,Ayotoxco de Guerrero,1,0,1,8208,2023,12.18323587
21177,21,177,Tlacotepec de Benito Juárez,1,0,1,54757,2023,1.826250525
21075,21,075,Hueyapan,3,2,5,13080,2023,38.22629969
21078,21,078,Huitzilan de Serdán,1,0,1,15928,2023,6.278252135
21194,21,194,Venustiano Carranza,1,1,2,28395,2023,7.043493573
21185,21,185,Tlapanalá,2,0,2,10344,2023,19.33488012
21085,21,085,Izúcar de Matamoros,4,1,5,82809,2023,6.03799104
21012,21,012,Aljojuca,0,1,1,6591,2023,15.17220452
21054,21,054,Chignautla,0,2,2,35223,2023,5.678108054
21156,21,156,Tehuacán,6,3,9,327312,2023,2.74967004
21154,21,154,Tecamachalco,1,5,6,80771,2023,7.428408711
21172,21,172,Tetela de Ocampo,0,1,1,27216,2023,3.67430923
21151,21,151,Santo Tomás Hueyotlipan,1,0,1,9315,2023,10.73537305
21073,21,073,Huehuetlán el Chico,2,0,2,9760,2023,20.49180328
21044,21,044,Cuyoaco,1,0,1,17139,2023,5.834646129
21060,21,060,Domingo Arenas,1,0,1,7982,2023,12.52818842
21117,21,117,Rafael Lara Grajales,0,1,1,15952,2023,6.268806419
21017,21,017,Atempan,2,0,2,29742,2023,6.724497344
21019,21,019,Atlixco,6,4,10,141793,2023,7.052534328
21173,21,173,Teteles de Ávila Castillo,1,0,1,6653,2023,15.03081317
21069,21,069,Huaquechula,2,0,2,17824,2023,11.22082585
21118,21,118,Los Reyes de Juárez,2,0,2,30021,2023,6.662003264
21125,21,125,San Gregorio Atzompa,1,0,1,9671,2023,10.34019233
21053,21,053,Chignahuapan,2,1,3,66464,2023,4.513721714
21003,21,003,Acatlán,1,0,1,37955,2023,2.634698986
21004,21,004,Acatzingo,9,0,9,63743,2023,14.1191974
21008,21,008,Ahuazotepec,3,1,4,11439,2023,34.96809162
21140,21,140,San Pedro Cholula,4,2,6,138433,2023,4.334226666
21116,21,116,Quimixtlán,0,1,1,22855,2023,4.375410195
21114,21,114,Puebla,,,,1692181,2023,0
21010,21,010,Ajalpan,1,0,1,74768,2023,1.337470576
21015,21,015,Amozoc,5,2,7,125876,2023,5.561028314
21026,21,026,Calpan,2,0,2,15271,2023,13.09671927
21211,21,211,Zaragoza,0,1,1,16752,2023,5.969436485
21049,21,049,Chiconcuautla,0,1,1,17382,2023,5.753077897
21048,21,048,Chiautzingo,1,0,1,22039,2023,4.537410953
21164,21,164,Tepeaca,10,6,16,84270,2023,18.98659072
21136,21,136,San Miguel Xoxtla,1,0,1,12461,2023,8.025038119
21045,21,045,Chalchicomula de Sesma,1,0,1,47410,2023,2.10925965
21043,21,043,Cuetzalan del Progreso,2,0,2,49864,2023,4.010909674
21041,21,041,Cuautlancingo,4,0,4,137435,2023,2.910466766
21040,21,040,Cuautinchán,0,1,1,12340,2023,8.103727715
21039,21,039,Cuautempan,0,1,1,9837,2023,10.16570093
21071,21,071,Huauchinango,3,2,5,103946,2023,4.810189906
21180,21,180,Tlahuapan,5,0,5,41547,2024,12.03456327
21087,21,087,Jolalpan,2,0,2,13308,2024,15.02855425
21088,21,088,Jonotla,1,0,1,4457,2024,22.43661656
21197,21,197,Xicotepec,3,3,6,80591,2024,7.445000062
21193,21,193,Tzicatlacoyan,3,0,3,6476,2024,46.32489191
21199,21,199,Xiutetelco,0,2,2,42943,2024,4.657336469
21178,21,178,Tlacuilotepec,0,3,3,15977,2024,18.77699193
21132,21,132,San Martín Texmelucan,2,3,5,155738,2024,3.210520233
21143,21,143,San Salvador el Verde,1,0,1,34880,2024,2.866972477
21176,21,176,Tilapa,1,1,2,9664,2024,20.69536424
21174,21,174,Teziutlán,4,4,8,103583,2024,7.723275055
21171,21,171,Tepeyahualco de Cuauhtémoc,1,0,1,3851,2024,25.96728123
21142,21,142,San Salvador el Seco,3,1,4,30639,2024,13.05525637
21001,21,001,Acajete,0,4,4,72894,2024,5.487420089
21110,21,110,Palmar de Bravo,1,0,1,50226,2024,1.991000677
21109,21,109,Pahuatlán,1,1,2,20274,2024,9.864851534
21108,21,108,Oriental,0,3,3,19903,2024,15.07310456
21166,21,166,Tepeojuma,1,1,2,8918,2024,22.42655304
21181,21,181,Tlaltenango,2,0,2,7425,2024,26.93602694
21064,21,064,Francisco Z. Mena,0,1,1,17824,2024,5.610412926
21063,21,063,Esperanza,2,0,2,14766,2024,13.54462955
21207,21,207,Zacapoaxtla,1,1,2,57887,2024,3.455007169
21214,21,214,Zinacatepec,0,1,1,18359,2024,5.446919767
21051,21,051,Chietla,0,3,3,37030,2024,8.101539292
21094,21,094,Libres,2,1,3,37257,2024,8.052178114
21091,21,091,Juan Galindo,3,1,4,9828,2024,40.7000407
21208,21,208,Zacatlán,4,4,8,87361,2024,9.157404334
21090,21,090,Juan C. Bonilla,0,1,1,12131,2024,8.2433435
21035,21,035,Coxcatlán,1,0,1,46836,2024,2.135109745
21034,21,034,Coronango,6,0,6,46836,2024,12.81065847
21029,21,029,Caxhuacan,0,1,1,3811,2024,26.23983207
21074,21,074,Huejotzingo,5,3,8,90794,2024,8.811154922
21177,21,177,Tlacotepec de Benito Juárez,4,1,5,54757,2024,9.131252625
21075,21,075,Hueyapan,1,2,3,13080,2024,22.93577982
21189,21,189,Tochtepec,0,3,3,22454,2024,13.36064844
21194,21,194,Venustiano Carranza,0,1,1,28395,2024,3.521746786
21184,21,184,Tlapacoya,0,1,1,6422,2024,15.57147306
21185,21,185,Tlapanalá,0,1,1,10344,2024,9.667440062
21082,21,082,Ixcaquixtla,1,0,1,8804,2024,11.35847342
21085,21,085,Izúcar de Matamoros,16,7,23,82809,2024,27.77475878
21054,21,054,Chignautla,4,0,4,35223,2024,11.35621611
21213,21,213,Zihuateutla,0,1,1,11967,2024,8.356313195
21169,21,169,Tepexi de Rodríguez,1,1,2,22331,2024,8.956159599
21156,21,156,Tehuacán,15,8,23,327312,2024,7.026934546
21155,21,155,Tecomatlán,1,1,2,6830,2024,29.28257687
21154,21,154,Tecamachalco,0,2,2,80771,2024,2.476136237
21172,21,172,Tetela de Ocampo,1,1,2,27216,2024,7.34861846
21179,21,179,Tlachichuca,0,3,3,31639,2024,9.481968457
21153,21,153,Tecali de Herrera,1,1,2,23625,2024,8.465608466
21073,21,073,Huehuetlán el Chico,1,1,2,9760,2024,20.49180328
21036,21,036,Coyomeapan,1,0,1,14806,2024,6.754018641
21044,21,044,Cuyoaco,1,0,1,17139,2024,5.834646129
21062,21,062,Epatlán,1,0,1,4943,2024,20.23062917
21161,21,161,Tepanco de López,1,0,1,22218,2024,4.500855162
21186,21,186,Tlatlauquitepec,1,0,1,55576,2024,1.799337844
21170,21,170,Tepeyahualco,1,0,1,19200,2024,5.208333333
21117,21,117,Rafael Lara Grajales,0,1,1,15952,2024,6.268806419
21017,21,017,Atempan,1,1,2,29742,2024,6.724497344
21019,21,019,Atlixco,8,4,12,141793,2024,8.463041194
21173,21,173,Teteles de Ávila Castillo,1,0,1,6653,2024,15.03081317
21069,21,069,Huaquechula,2,0,2,29233,2024,6.841583142
21168,21,168,Tepexco,0,1,1,7523,2024,13.29256945
21157,21,157,Tehuitzingo,0,1,1,12672,2024,7.891414141
21162,21,162,Tepango de Rodríguez,1,0,1,4155,2024,24.06738869
21118,21,118,Los Reyes de Juárez,1,1,2,30021,2024,6.662003264
21125,21,125,San Gregorio Atzompa,1,0,1,9671,2024,10.34019233
21053,21,053,Chignahuapan,1,0,1,66464,2024,1.504573905
21004,21,004,Acatzingo,10,2,12,63743,2024,18.82559654
21006,21,006,Ahuacatlán,1,1,2,37955,2024,5.269397971
21134,21,134,San Matías Tlalancaleca,1,1,2,20974,2024,9.535615524
21140,21,140,San Pedro Cholula,11,5,16,138433,2024,11.55793777
21115,21,115,Quecholac,0,1,1,57992,2024,1.724375776
21114,21,114,Puebla,94,103,197,1692181,2024,11.64178064
21149,21,149,Santiago Miahuatlán,3,1,4,30309,2024,13.19740011
21015,21,015,Amozoc,7,5,12,125876,2024,9.533191395
21016,21,016,Aquixtla,0,1,1,9021,2024,11.08524554
21211,21,211,Zaragoza,0,1,1,16752,2024,5.969436485
21212,21,212,Zautla,1,5,6,20717,2024,28.96172226
21163,21,163,Tepatlaxco de Hidalgo,1,0,1,18854,2024,5.303914289
21049,21,049,Chiconcuautla,2,0,2,17382,2024,11.50615579
21048,21,048,Chiautzingo,0,2,2,22039,2024,9.074821907
21047,21,047,Chiautla,5,4,9,21699,2024,41.47656574
21195,21,195,Vicente Guerrero,0,1,1,26559,2024,3.765202003
21164,21,164,Tepeaca,10,6,16,84270,2024,18.98659072
21046,21,046,Chapulco,1,1,2,8193,2024,24.41108263
21136,21,136,San Miguel Xoxtla,2,1,3,12461,2024,24.07511436
21045,21,045,Chalchicomula de Sesma,4,2,6,47410,2024,12.6555579
21043,21,043,Cuetzalan del Progreso,2,3,5,49864,2024,10.02727419
21089,21,089,Jopala,1,0,1,12131,2024,8.2433435
21041,21,041,Cuautlancingo,4,5,9,137435,2024,6.548550224
21071,21,071,Huauchinango,7,5,12,103946,2024,11.54445578
21111,21,111,Pantepec,0,1,1,18528,2024,5.397236615
